Year,Quarter,Sector,ROE
2011,Q1,AGRO,
2011,Q1,CONSUMP,
2011,Q1,FINCIAL,
2011,Q1,INDUS,
2011,Q1,PROPCON,
2011,Q1,RESOURC,
2011,Q1,SERVICE,
2011,Q1,TECH,
2011,Q1,AGRI,19.66
2011,Q1,FOOD,17.78
2011,Q1,FASHION,9.13
2011,Q1,HOME,11.36
2011,Q1,PERSON,14.69
2011,Q1,BANK,13.91
2011,Q1,FIN,13.32
2011,Q1,INSUR,16.61
2011,Q1,AUTO,7.71
2011,Q1,IMM,18.34
2011,Q1,PAPER,5.21
2011,Q1,PETRO,20.73
2011,Q1,PKG,31.43
2011,Q1,STEEL,-4.6
2011,Q1,CONMAT,23.1
2011,Q1,PROP,10.22
2011,Q1,PF&REIT,
2011,Q1,CONS,
2011,Q1,ENERG,20.23
2011,Q1,MINE,-8.57
2011,Q1,COMM,18.03
2011,Q1,HELTH,17.01
2011,Q1,MEDIA,22.56
2011,Q1,PROF,-10.24
2011,Q1,TOURISM,3.56
2011,Q1,TRANS,3.62
2011,Q1,ETRON,16.25
2011,Q1,ICT,15.63
2011,Q1,MAIIND,13.64
2011,Q1,MEDSIZE,13.64
2011,Q4,AGRO,
2011,Q4,CONSUMP,
2011,Q4,FINCIAL,
2011,Q4,INDUS,
2011,Q4,PROPCON,
2011,Q4,RESOURC,
2011,Q4,SERVICE,
2011,Q4,TECH,
2011,Q4,AGRI,14.33
2011,Q4,FOOD,21.08
2011,Q4,FASHION,6.97
2011,Q4,HOME,10.41
2011,Q4,PERSON,8.73
2011,Q4,BANK,14.12
2011,Q4,FIN,7.46
2011,Q4,INSUR,6.17
2011,Q4,AUTO,-0.96
2011,Q4,IMM,16.76
2011,Q4,PAPER,4.98
2011,Q4,PETRO,11.07
2011,Q4,PKG,20.34
2011,Q4,STEEL,-4.39
2011,Q4,CONMAT,18.4
2011,Q4,PROP,9.39
2011,Q4,PF&REIT,
2011,Q4,CONS,
2011,Q4,ENERG,18.59
2011,Q4,MINE,0.59
2011,Q4,COMM,21.71
2011,Q4,HELTH,18.68
2011,Q4,MEDIA,20.83
2011,Q4,PROF,-7.36
2011,Q4,TOURISM,1.69
2011,Q4,TRANS,-2.04
2011,Q4,ETRON,3.22
2011,Q4,ICT,27.74
2011,Q4,MAIIND,13.51
2011,Q4,MEDSIZE,13.51
2011,Q3,AGRO,
2011,Q3,CONSUMP,
2011,Q3,FINCIAL,
2011,Q3,INDUS,
2011,Q3,PROPCON,
2011,Q3,RESOURC,
2011,Q3,SERVICE,
2011,Q3,TECH,
2011,Q3,AGRI,16.78
2011,Q3,FOOD,20.92
2011,Q3,FASHION,9.57
2011,Q3,HOME,12.46
2011,Q3,PERSON,14.31
2011,Q3,BANK,15.16
2011,Q3,FIN,13.43
2011,Q3,INSUR,18.69
2011,Q3,AUTO,6.82
2011,Q3,IMM,12.53
2011,Q3,PAPER,4.12
2011,Q3,PETRO,31.48
2011,Q3,PKG,30.41
2011,Q3,STEEL,-4.95
2011,Q3,CONMAT,26.0
2011,Q3,PROP,11.68
2011,Q3,PF&REIT,
2011,Q3,CONS,
2011,Q3,ENERG,20.64
2011,Q3,MINE,-9.61
2011,Q3,COMM,20.86
2011,Q3,HELTH,18.85
2011,Q3,MEDIA,24.61
2011,Q3,PROF,-6.91
2011,Q3,TOURISM,11.49
2011,Q3,TRANS,1.67
2011,Q3,ETRON,11.65
2011,Q3,ICT,19.24
2011,Q3,MAIIND,14.99
2011,Q3,MEDSIZE,14.99
2011,Q2,AGRO,
2011,Q2,CONSUMP,
2011,Q2,FINCIAL,
2011,Q2,INDUS,
2011,Q2,PROPCON,
2011,Q2,RESOURC,
2011,Q2,SERVICE,
2011,Q2,TECH,
2011,Q2,AGRI,18.66
2011,Q2,FOOD,18.79
2011,Q2,FASHION,10.58
2011,Q2,HOME,12.69
2011,Q2,PERSON,14.98
2011,Q2,BANK,14.68
2011,Q2,FIN,13.85
2011,Q2,INSUR,18.19
2011,Q2,AUTO,6.6
2011,Q2,IMM,20.61
2011,Q2,PAPER,4.12
2011,Q2,PETRO,22.98
2011,Q2,PKG,33.77
2011,Q2,STEEL,-5.01
2011,Q2,CONMAT,22.79
2011,Q2,PROP,10.86
2011,Q2,PF&REIT,
2011,Q2,CONS,
2011,Q2,ENERG,22.02
2011,Q2,MINE,-10.22
2011,Q2,COMM,19.79
2011,Q2,HELTH,18.11
2011,Q2,MEDIA,23.66
2011,Q2,PROF,-7.86
2011,Q2,TOURISM,8.04
2011,Q2,TRANS,0.22
2011,Q2,ETRON,15.08
2011,Q2,ICT,17.78
2011,Q2,MAIIND,14.73
2011,Q2,MEDSIZE,14.73
2010,Q1,AGRO,
2010,Q1,CONSUMP,
2010,Q1,FINCIAL,
2010,Q1,INDUS,
2010,Q1,PROPCON,
2010,Q1,RESOURC,
2010,Q1,SERVICE,
2010,Q1,TECH,
2010,Q1,AGRI,23.71
2010,Q1,FOOD,18.01
2010,Q1,FASHION,10.44
2010,Q1,HOME,8.55
2010,Q1,PERSON,16.01
2010,Q1,BANK,11.71
2010,Q1,FIN,7.28
2010,Q1,INSUR,13.66
2010,Q1,AUTO,3.69
2010,Q1,IMM,-5.74
2010,Q1,PAPER,5.82
2010,Q1,PETRO,13.21
2010,Q1,PKG,14.71
2010,Q1,STEEL,
2010,Q1,CONMAT,18.39
2010,Q1,PROP,11.98
2010,Q1,PF&REIT,
2010,Q1,CONS,
2010,Q1,ENERG,17.49
2010,Q1,MINE,8.77
2010,Q1,COMM,17.28
2010,Q1,HELTH,16.83
2010,Q1,MEDIA,17.7
2010,Q1,PROF,-9.15
2010,Q1,TOURISM,-1.2
2010,Q1,TRANS,6.59
2010,Q1,ETRON,13.63
2010,Q1,ICT,14.35
2010,Q1,MAIIND,9.1
2010,Q1,MEDSIZE,9.1
2010,Q2,AGRO,
2010,Q2,CONSUMP,
2010,Q2,FINCIAL,
2010,Q2,INDUS,
2010,Q2,PROPCON,
2010,Q2,RESOURC,
2010,Q2,SERVICE,
2010,Q2,TECH,
2010,Q2,AGRI,24.6
2010,Q2,FOOD,20.74
2010,Q2,FASHION,10.7
2010,Q2,HOME,5.75
2010,Q2,PERSON,16.21
2010,Q2,BANK,12.33
2010,Q2,FIN,7.62
2010,Q2,INSUR,15.63
2010,Q2,AUTO,5.72
2010,Q2,IMM,-9.41
2010,Q2,PAPER,6.18
2010,Q2,PETRO,13.57
2010,Q2,PKG,14.99
2010,Q2,STEEL,
2010,Q2,CONMAT,18.44
2010,Q2,PROP,12.66
2010,Q2,PF&REIT,
2010,Q2,CONS,
2010,Q2,ENERG,15.4
2010,Q2,MINE,11.15
2010,Q2,COMM,19.07
2010,Q2,HELTH,16.98
2010,Q2,MEDIA,20.02
2010,Q2,PROF,-8.97
2010,Q2,TOURISM,-2.86
2010,Q2,TRANS,7.82
2010,Q2,ETRON,16.71
2010,Q2,ICT,15.27
2010,Q2,MAIIND,9.0
2010,Q2,MEDSIZE,9.0
2010,Q3,AGRO,
2010,Q3,CONSUMP,
2010,Q3,FINCIAL,
2010,Q3,INDUS,
2010,Q3,PROPCON,
2010,Q3,RESOURC,
2010,Q3,SERVICE,
2010,Q3,TECH,
2010,Q3,AGRI,23.93
2010,Q3,FOOD,19.87
2010,Q3,FASHION,9.36
2010,Q3,HOME,8.77
2010,Q3,PERSON,15.36
2010,Q3,BANK,12.55
2010,Q3,FIN,9.06
2010,Q3,INSUR,15.12
2010,Q3,AUTO,7.64
2010,Q3,IMM,-7.63
2010,Q3,PAPER,6.03
2010,Q3,PETRO,14.67
2010,Q3,PKG,18.46
2010,Q3,STEEL,
2010,Q3,CONMAT,17.19
2010,Q3,PROP,12.0
2010,Q3,PF&REIT,
2010,Q3,CONS,
2010,Q3,ENERG,16.65
2010,Q3,MINE,9.01
2010,Q3,COMM,18.72
2010,Q3,HELTH,17.49
2010,Q3,MEDIA,20.85
2010,Q3,PROF,-7.11
2010,Q3,TOURISM,-3.76
2010,Q3,TRANS,9.89
2010,Q3,ETRON,18.72
2010,Q3,ICT,17.32
2010,Q3,MAIIND,11.2
2010,Q3,MEDSIZE,11.2
2010,Q4,AGRO,
2010,Q4,CONSUMP,
2010,Q4,FINCIAL,
2010,Q4,INDUS,
2010,Q4,PROPCON,
2010,Q4,RESOURC,
2010,Q4,SERVICE,
2010,Q4,TECH,
2010,Q4,AGRI,21.27
2010,Q4,FOOD,17.78
2010,Q4,FASHION,9.32
2010,Q4,HOME,11.23
2010,Q4,PERSON,14.36
2010,Q4,BANK,12.85
2010,Q4,FIN,10.97
2010,Q4,INSUR,16.31
2010,Q4,AUTO,9.61
2010,Q4,IMM,-9.45
2010,Q4,PAPER,5.7
2010,Q4,PETRO,16.22
2010,Q4,PKG,26.87
2010,Q4,STEEL,
2010,Q4,CONMAT,19.32
2010,Q4,PROP,12.55
2010,Q4,PF&REIT,
2010,Q4,CONS,
2010,Q4,ENERG,18.28
2010,Q4,MINE,-8.85
2010,Q4,COMM,18.41
2010,Q4,HELTH,16.86
2010,Q4,MEDIA,21.27
2010,Q4,PROF,-11.28
2010,Q4,TOURISM,2.96
2010,Q4,TRANS,8.39
2010,Q4,ETRON,17.65
2010,Q4,ICT,15.24
2010,Q4,MAIIND,12.65
2010,Q4,MEDSIZE,12.65
2012,Q2,AGRO,
2012,Q2,CONSUMP,
2012,Q2,FINCIAL,
2012,Q2,INDUS,
2012,Q2,PROPCON,
2012,Q2,RESOURC,
2012,Q2,SERVICE,
2012,Q2,TECH,
2012,Q2,AGRI,5.59
2012,Q2,FOOD,23.84
2012,Q2,FASHION,3.57
2012,Q2,HOME,11.67
2012,Q2,PERSON,9.87
2012,Q2,BANK,14.63
2012,Q2,FIN,6.01
2012,Q2,INSUR,-4.76
2012,Q2,AUTO,2.71
2012,Q2,IMM,14.22
2012,Q2,PAPER,6.55
2012,Q2,PETRO,8.46
2012,Q2,PKG,9.86
2012,Q2,STEEL,-16.19
2012,Q2,CONMAT,14.72
2012,Q2,PROP,10.23
2012,Q2,PF&REIT,
2012,Q2,CONS,
2012,Q2,ENERG,13.91
2012,Q2,MINE,-9.54
2012,Q2,COMM,23.55
2012,Q2,HELTH,21.2
2012,Q2,MEDIA,21.15
2012,Q2,PROF,-10.77
2012,Q2,TOURISM,0.74
2012,Q2,TRANS,7.49
2012,Q2,ETRON,3.12
2012,Q2,ICT,29.39
2012,Q2,MAIIND,14.54
2012,Q2,MEDSIZE,14.54
2012,Q1,AGRO,
2012,Q1,CONSUMP,
2012,Q1,FINCIAL,
2012,Q1,INDUS,
2012,Q1,PROPCON,
2012,Q1,RESOURC,
2012,Q1,SERVICE,
2012,Q1,TECH,
2012,Q1,AGRI,9.38
2012,Q1,FOOD,24.59
2012,Q1,FASHION,4.79
2012,Q1,HOME,11.82
2012,Q1,PERSON,9.18
2012,Q1,BANK,13.87
2012,Q1,FIN,6.11
2012,Q1,INSUR,0.89
2012,Q1,AUTO,0.84
2012,Q1,IMM,4.85
2012,Q1,PAPER,4.8
2012,Q1,PETRO,9.76
2012,Q1,PKG,13.09
2012,Q1,STEEL,-8.93
2012,Q1,CONMAT,17.19
2012,Q1,PROP,10.03
2012,Q1,PF&REIT,
2012,Q1,CONS,
2012,Q1,ENERG,18.24
2012,Q1,MINE,-6.53
2012,Q1,COMM,22.44
2012,Q1,HELTH,23.44
2012,Q1,MEDIA,21.84
2012,Q1,PROF,-11.12
2012,Q1,TOURISM,2.02
2012,Q1,TRANS,-0.27
2012,Q1,ETRON,3.35
2012,Q1,ICT,29.54
2012,Q1,MAIIND,12.76
2012,Q1,MEDSIZE,12.76
2012,Q3,AGRO,
2012,Q3,CONSUMP,
2012,Q3,FINCIAL,
2012,Q3,INDUS,
2012,Q3,PROPCON,
2012,Q3,RESOURC,
2012,Q3,SERVICE,
2012,Q3,TECH,
2012,Q3,AGRI,6.06
2012,Q3,FOOD,22.33
2012,Q3,FASHION,4.18
2012,Q3,HOME,10.34
2012,Q3,PERSON,9.01
2012,Q3,BANK,15.07
2012,Q3,FIN,5.33
2012,Q3,INSUR,-6.73
2012,Q3,AUTO,6.03
2012,Q3,IMM,7.49
2012,Q3,PAPER,8.29
2012,Q3,PETRO,11.35
2012,Q3,PKG,11.3
2012,Q3,STEEL,-21.56
2012,Q3,CONMAT,11.46
2012,Q3,PROP,12.03
2012,Q3,PF&REIT,
2012,Q3,CONS,
2012,Q3,ENERG,16.89
2012,Q3,MINE,-12.3
2012,Q3,COMM,23.69
2012,Q3,HELTH,23.5
2012,Q3,MEDIA,21.38
2012,Q3,PROF,-9.98
2012,Q3,TOURISM,-0.65
2012,Q3,TRANS,6.56
2012,Q3,ETRON,6.57
2012,Q3,ICT,28.86
2012,Q3,MAIIND,14.48
2012,Q3,MEDSIZE,14.48
2013,Q4,AGRO,
2013,Q4,CONSUMP,
2013,Q4,FINCIAL,
2013,Q4,INDUS,
2013,Q4,PROPCON,
2013,Q4,RESOURC,
2013,Q4,SERVICE,
2013,Q4,TECH,
2013,Q4,AGRI,9.75
2013,Q4,FOOD,10.14
2013,Q4,FASHION,3.43
2013,Q4,HOME,8.36
2013,Q4,PERSON,12.0
2013,Q4,BANK,16.31
2013,Q4,FIN,17.5
2013,Q4,INSUR,15.94
2013,Q4,AUTO,16.41
2013,Q4,IMM,5.14
2013,Q4,PAPER,11.08
2013,Q4,PETRO,12.0
2013,Q4,PKG,3.21
2013,Q4,STEEL,-13.68
2013,Q4,CONMAT,17.67
2013,Q4,PROP,16.25
2013,Q4,PF&REIT,
2013,Q4,CONS,
2013,Q4,ENERG,13.16
2013,Q4,MINE,-31.55
2013,Q4,COMM,21.35
2013,Q4,HELTH,17.67
2013,Q4,MEDIA,21.92
2013,Q4,PROF,5.99
2013,Q4,TOURISM,10.39
2013,Q4,TRANS,5.89
2013,Q4,ETRON,14.75
2013,Q4,ICT,41.36
2013,Q4,MAIIND,8.97
2013,Q4,MEDSIZE,8.97
2013,Q2,AGRO,
2013,Q2,CONSUMP,
2013,Q2,FINCIAL,
2013,Q2,INDUS,
2013,Q2,PROPCON,
2013,Q2,RESOURC,
2013,Q2,SERVICE,
2013,Q2,TECH,
2013,Q2,AGRI,9.13
2013,Q2,FOOD,9.64
2013,Q2,FASHION,4.68
2013,Q2,HOME,9.19
2013,Q2,PERSON,10.87
2013,Q2,BANK,15.99
2013,Q2,FIN,17.58
2013,Q2,INSUR,16.7
2013,Q2,AUTO,19.69
2013,Q2,IMM,8.12
2013,Q2,PAPER,11.02
2013,Q2,PETRO,15.07
2013,Q2,PKG,7.72
2013,Q2,STEEL,-18.63
2013,Q2,CONMAT,16.89
2013,Q2,PROP,17.23
2013,Q2,PF&REIT,
2013,Q2,CONS,
2013,Q2,ENERG,16.3
2013,Q2,MINE,-20.14
2013,Q2,COMM,23.37
2013,Q2,HELTH,20.59
2013,Q2,MEDIA,23.16
2013,Q2,PROF,4.13
2013,Q2,TOURISM,9.3
2013,Q2,TRANS,10.75
2013,Q2,ETRON,16.33
2013,Q2,ICT,35.38
2013,Q2,MAIIND,11.68
2013,Q2,MEDSIZE,11.68
2013,Q3,AGRO,
2013,Q3,CONSUMP,
2013,Q3,FINCIAL,
2013,Q3,INDUS,
2013,Q3,PROPCON,
2013,Q3,RESOURC,
2013,Q3,SERVICE,
2013,Q3,TECH,
2013,Q3,AGRI,8.88
2013,Q3,FOOD,9.33
2013,Q3,FASHION,3.44
2013,Q3,HOME,9.6
2013,Q3,PERSON,12.28
2013,Q3,BANK,15.94
2013,Q3,FIN,18.75
2013,Q3,INSUR,15.21
2013,Q3,AUTO,16.99
2013,Q3,IMM,5.59
2013,Q3,PAPER,11.24
2013,Q3,PETRO,13.52
2013,Q3,PKG,4.96
2013,Q3,STEEL,-16.45
2013,Q3,CONMAT,18.12
2013,Q3,PROP,16.43
2013,Q3,PF&REIT,
2013,Q3,CONS,
2013,Q3,ENERG,15.17
2013,Q3,MINE,-9.57
2013,Q3,COMM,22.4
2013,Q3,HELTH,17.82
2013,Q3,MEDIA,22.53
2013,Q3,PROF,6.61
2013,Q3,TOURISM,10.44
2013,Q3,TRANS,8.71
2013,Q3,ETRON,13.34
2013,Q3,ICT,38.71
2013,Q3,MAIIND,10.64
2013,Q3,MEDSIZE,10.64
2012,Q4,AGRO,
2012,Q4,CONSUMP,
2012,Q4,FINCIAL,
2012,Q4,INDUS,
2012,Q4,PROPCON,
2012,Q4,RESOURC,
2012,Q4,SERVICE,
2012,Q4,TECH,
2012,Q4,AGRI,7.63
2012,Q4,FOOD,20.23
2012,Q4,FASHION,4.76
2012,Q4,HOME,10.7
2012,Q4,PERSON,13.38
2012,Q4,BANK,15.36
2012,Q4,FIN,11.95
2012,Q4,INSUR,4.79
2012,Q4,AUTO,16.08
2012,Q4,IMM,13.34
2012,Q4,PAPER,8.65
2012,Q4,PETRO,14.54
2012,Q4,PKG,10.85
2012,Q4,STEEL,-22.79
2012,Q4,CONMAT,13.17
2012,Q4,PROP,14.86
2012,Q4,PF&REIT,
2012,Q4,CONS,
2012,Q4,ENERG,16.48
2012,Q4,MINE,-21.24
2012,Q4,COMM,22.93
2012,Q4,HELTH,23.26
2012,Q4,MEDIA,23.25
2012,Q4,PROF,-1.14
2012,Q4,TOURISM,3.88
2012,Q4,TRANS,10.59
2012,Q4,ETRON,14.67
2012,Q4,ICT,33.88
2012,Q4,MAIIND,14.05
2012,Q4,MEDSIZE,14.05
2013,Q1,AGRO,
2013,Q1,CONSUMP,
2013,Q1,FINCIAL,
2013,Q1,INDUS,
2013,Q1,PROPCON,
2013,Q1,RESOURC,
2013,Q1,SERVICE,
2013,Q1,TECH,
2013,Q1,AGRI,7.72
2013,Q1,FOOD,12.15
2013,Q1,FASHION,5.01
2013,Q1,HOME,10.28
2013,Q1,PERSON,12.24
2013,Q1,BANK,15.52
2013,Q1,FIN,15.85
2013,Q1,INSUR,10.49
2013,Q1,AUTO,17.7
2013,Q1,IMM,12.38
2013,Q1,PAPER,11.1
2013,Q1,PETRO,14.29
2013,Q1,PKG,9.42
2013,Q1,STEEL,-22.22
2013,Q1,CONMAT,14.65
2013,Q1,PROP,16.3
2013,Q1,PF&REIT,
2013,Q1,CONS,
2013,Q1,ENERG,15.55
2013,Q1,MINE,-20.31
2013,Q1,COMM,22.23
2013,Q1,HELTH,20.44
2013,Q1,MEDIA,23.8
2013,Q1,PROF,3.71
2013,Q1,TOURISM,7.69
2013,Q1,TRANS,11.91
2013,Q1,ETRON,15.14
2013,Q1,ICT,38.14
2013,Q1,MAIIND,14.2
2013,Q1,MEDSIZE,14.2
2014,Q2,AGRO,
2014,Q2,CONSUMP,
2014,Q2,FINCIAL,
2014,Q2,INDUS,
2014,Q2,PROPCON,
2014,Q2,RESOURC,
2014,Q2,SERVICE,
2014,Q2,TECH,
2014,Q2,AGRI,9.7
2014,Q2,FOOD,12.49
2014,Q2,FASHION,2.16
2014,Q2,HOME,8.11
2014,Q2,PERSON,13.21
2014,Q2,BANK,15.56
2014,Q2,FIN,12.99
2014,Q2,INSUR,14.93
2014,Q2,AUTO,13.09
2014,Q2,IMM,7.42
2014,Q2,PAPER,14.61
2014,Q2,PETRO,10.97
2014,Q2,PKG,3.84
2014,Q2,STEEL,-9.97
2014,Q2,CONMAT,16.79
2014,Q2,PROP,14.0
2014,Q2,PF&REIT,
2014,Q2,CONS,12.78
2014,Q2,ENERG,13.53
2014,Q2,MINE,-4.13
2014,Q2,COMM,19.77
2014,Q2,HELTH,17.87
2014,Q2,MEDIA,14.29
2014,Q2,PROF,7.25
2014,Q2,TOURISM,5.88
2014,Q2,TRANS,-1.91
2014,Q2,ETRON,16.95
2014,Q2,ICT,39.12
2014,Q2,MAIIND,5.66
2014,Q2,MEDSIZE,5.66
2014,Q1,AGRO,
2014,Q1,CONSUMP,
2014,Q1,FINCIAL,
2014,Q1,INDUS,
2014,Q1,PROPCON,
2014,Q1,RESOURC,
2014,Q1,SERVICE,
2014,Q1,TECH,
2014,Q1,AGRI,8.67
2014,Q1,FOOD,10.69
2014,Q1,FASHION,2.78
2014,Q1,HOME,6.37
2014,Q1,PERSON,13.05
2014,Q1,BANK,15.51
2014,Q1,FIN,13.22
2014,Q1,INSUR,15.34
2014,Q1,AUTO,15.76
2014,Q1,IMM,4.03
2014,Q1,PAPER,14.81
2014,Q1,PETRO,10.1
2014,Q1,PKG,2.71
2014,Q1,STEEL,-11.62
2014,Q1,CONMAT,18.0
2014,Q1,PROP,13.92
2014,Q1,PF&REIT,
2014,Q1,CONS,14.5
2014,Q1,ENERG,11.65
2014,Q1,MINE,-9.82
2014,Q1,COMM,19.41
2014,Q1,HELTH,17.13
2014,Q1,MEDIA,18.22
2014,Q1,PROF,5.8
2014,Q1,TOURISM,7.49
2014,Q1,TRANS,1.18
2014,Q1,ETRON,17.67
2014,Q1,ICT,45.23
2014,Q1,MAIIND,6.11
2014,Q1,MEDSIZE,6.11
2014,Q3,AGRO,
2014,Q3,CONSUMP,
2014,Q3,FINCIAL,
2014,Q3,INDUS,
2014,Q3,PROPCON,
2014,Q3,RESOURC,
2014,Q3,SERVICE,
2014,Q3,TECH,
2014,Q3,AGRI,9.54
2014,Q3,FOOD,13.05
2014,Q3,FASHION,1.37
2014,Q3,HOME,9.08
2014,Q3,PERSON,12.28
2014,Q3,BANK,15.33
2014,Q3,FIN,13.27
2014,Q3,INSUR,15.57
2014,Q3,AUTO,11.43
2014,Q3,IMM,8.47
2014,Q3,PAPER,13.5
2014,Q3,PETRO,9.92
2014,Q3,PKG,4.54
2014,Q3,STEEL,-7.67
2014,Q3,CONMAT,16.03
2014,Q3,PROP,14.0
2014,Q3,PF&REIT,
2014,Q3,CONS,14.16
2014,Q3,ENERG,11.72
2014,Q3,MINE,1.91
2014,Q3,COMM,18.89
2014,Q3,HELTH,17.71
2014,Q3,MEDIA,13.12
2014,Q3,PROF,6.6
2014,Q3,TOURISM,5.2
2014,Q3,TRANS,0.65
2014,Q3,ETRON,17.75
2014,Q3,ICT,37.73
2014,Q3,MAIIND,5.79
2014,Q3,MEDSIZE,5.79
2014,Q4,AGRO,
2014,Q4,CONSUMP,
2014,Q4,FINCIAL,
2014,Q4,INDUS,
2014,Q4,PROPCON,
2014,Q4,RESOURC,
2014,Q4,SERVICE,
2014,Q4,TECH,
2014,Q4,AGRI,7.82
2014,Q4,FOOD,12.91
2014,Q4,FASHION,1.36
2014,Q4,HOME,10.45
2014,Q4,PERSON,11.65
2014,Q4,BANK,15.08
2014,Q4,FIN,15.21
2014,Q4,INSUR,16.57
2014,Q4,AUTO,11.24
2014,Q4,IMM,8.08
2014,Q4,PAPER,11.02
2014,Q4,PETRO,5.52
2014,Q4,PKG,4.56
2014,Q4,STEEL,-6.73
2014,Q4,CONMAT,15.58
2014,Q4,PROP,13.27
2014,Q4,PF&REIT,
2014,Q4,CONS,12.4
2014,Q4,ENERG,5.85
2014,Q4,MINE,1.49
2014,Q4,COMM,18.56
2014,Q4,HELTH,17.65
2014,Q4,MEDIA,10.11
2014,Q4,PROF,7.98
2014,Q4,TOURISM,5.5
2014,Q4,TRANS,1.23
2014,Q4,ETRON,15.47
2014,Q4,ICT,35.25
2014,Q4,MAIIND,6.79
2014,Q4,MEDSIZE,6.79
2015,Q2,AGRO,-1.83
2015,Q2,CONSUMP,14.28
2015,Q2,FINCIAL,22.78
2015,Q2,INDUS,6.87
2015,Q2,PROPCON,6.42
2015,Q2,RESOURC,12.44
2015,Q2,SERVICE,1.06
2015,Q2,TECH,-3.34
2015,Q2,AGRI,6.62
2015,Q2,FOOD,12.95
2015,Q2,FASHION,2.49
2015,Q2,HOME,9.02
2015,Q2,PERSON,7.5
2015,Q2,BANK,14.21
2015,Q2,FIN,15.34
2015,Q2,INSUR,15.04
2015,Q2,AUTO,9.61
2015,Q2,IMM,6.26
2015,Q2,PAPER,8.79
2015,Q2,PETRO,7.17
2015,Q2,PKG,5.24
2015,Q2,STEEL,-14.37
2015,Q2,CONMAT,17.96
2015,Q2,PROP,12.95
2015,Q2,PF&REIT,
2015,Q2,CONS,11.99
2015,Q2,ENERG,4.45
2015,Q2,MINE,14.83
2015,Q2,COMM,19.74
2015,Q2,HELTH,18.18
2015,Q2,MEDIA,10.19
2015,Q2,PROF,8.71
2015,Q2,TOURISM,6.72
2015,Q2,TRANS,3.58
2015,Q2,ETRON,15.54
2015,Q2,ICT,45.19
2015,Q3,AGRO,-2.04
2015,Q3,CONSUMP,12.9
2015,Q3,FINCIAL,14.51
2015,Q3,INDUS,7.22
2015,Q3,PROPCON,8.59
2015,Q3,RESOURC,15.11
2015,Q3,SERVICE,-6.94
2015,Q3,TECH,-10.31
2015,Q3,AGRI,6.16
2015,Q3,FOOD,12.36
2015,Q3,FASHION,3.52
2015,Q3,HOME,11.08
2015,Q3,PERSON,6.91
2015,Q3,BANK,13.29
2015,Q3,FIN,14.85
2015,Q3,INSUR,15.69
2015,Q3,AUTO,10.47
2015,Q3,IMM,6.46
2015,Q3,PAPER,8.44
2015,Q3,PETRO,5.48
2015,Q3,PKG,4.9
2015,Q3,STEEL,-74.55
2015,Q3,CONMAT,18.62
2015,Q3,PROP,11.99
2015,Q3,PF&REIT,
2015,Q3,CONS,10.49
2015,Q3,ENERG,-2.18
2015,Q3,MINE,4.36
2015,Q3,COMM,19.81
2015,Q3,HELTH,17.72
2015,Q3,MEDIA,9.82
2015,Q3,PROF,9.93
2015,Q3,TOURISM,7.59
2015,Q3,TRANS,1.93
2015,Q3,ETRON,14.35
2015,Q3,ICT,42.09
2015,Q1,AGRO,-3.78
2015,Q1,CONSUMP,17.54
2015,Q1,FINCIAL,25.11
2015,Q1,INDUS,6.94
2015,Q1,PROPCON,-0.69
2015,Q1,RESOURC,12.78
2015,Q1,SERVICE,6.12
2015,Q1,TECH,-4.26
2015,Q1,AGRI,6.49
2015,Q1,FOOD,13.27
2015,Q1,FASHION,1.42
2015,Q1,HOME,10.45
2015,Q1,PERSON,9.16
2015,Q1,BANK,14.38
2015,Q1,FIN,15.6
2015,Q1,INSUR,17.15
2015,Q1,AUTO,9.7
2015,Q1,IMM,7.33
2015,Q1,PAPER,9.07
2015,Q1,PETRO,5.36
2015,Q1,PKG,5.52
2015,Q1,STEEL,-10.46
2015,Q1,CONMAT,16.58
2015,Q1,PROP,12.56
2015,Q1,PF&REIT,
2015,Q1,CONS,10.87
2015,Q1,ENERG,5.34
2015,Q1,MINE,10.16
2015,Q1,COMM,18.35
2015,Q1,HELTH,17.46
2015,Q1,MEDIA,10.08
2015,Q1,PROF,7.88
2015,Q1,TOURISM,6.21
2015,Q1,TRANS,3.87
2015,Q1,ETRON,14.69
2015,Q1,ICT,41.36
2016,Q1,AGRO,-0.83
2016,Q1,CONSUMP,13.65
2016,Q1,FINCIAL,1.35
2016,Q1,INDUS,8.42
2016,Q1,PROPCON,7.85
2016,Q1,RESOURC,13.97
2016,Q1,SERVICE,-9.0
2016,Q1,TECH,-12.06
2016,Q1,AGRI,5.51
2016,Q1,FOOD,12.08
2016,Q1,FASHION,6.13
2016,Q1,HOME,10.44
2016,Q1,PERSON,7.55
2016,Q1,BANK,11.62
2016,Q1,FIN,13.52
2016,Q1,INSUR,4.6
2016,Q1,AUTO,10.33
2016,Q1,IMM,5.39
2016,Q1,PAPER,9.54
2016,Q1,PETRO,9.84
2016,Q1,PKG,7.88
2016,Q1,STEEL,-2.84
2016,Q1,CONMAT,19.46
2016,Q1,PROP,11.17
2016,Q1,PF&REIT,
2016,Q1,CONS,9.76
2016,Q1,ENERG,2.95
2016,Q1,MINE,-4.93
2016,Q1,COMM,19.41
2016,Q1,HELTH,16.4
2016,Q1,MEDIA,5.11
2016,Q1,PROF,11.62
2016,Q1,TOURISM,6.36
2016,Q1,TRANS,1.31
2016,Q1,ETRON,16.17
2016,Q1,ICT,30.09
2015,Q4,AGRO,-1.34
2015,Q4,CONSUMP,12.87
2015,Q4,FINCIAL,14.1
2015,Q4,INDUS,6.97
2015,Q4,PROPCON,9.55
2015,Q4,RESOURC,14.64
2015,Q4,SERVICE,-9.55
2015,Q4,TECH,-12.77
2015,Q4,AGRI,6.08
2015,Q4,FOOD,11.8
2015,Q4,FASHION,5.18
2015,Q4,HOME,9.72
2015,Q4,PERSON,7.36
2015,Q4,BANK,12.52
2015,Q4,FIN,13.96
2015,Q4,INSUR,15.47
2015,Q4,AUTO,10.59
2015,Q4,IMM,5.84
2015,Q4,PAPER,8.64
2015,Q4,PETRO,8.87
2015,Q4,PKG,6.23
2015,Q4,STEEL,-77.96
2015,Q4,CONMAT,19.16
2015,Q4,PROP,11.67
2015,Q4,PF&REIT,
2015,Q4,CONS,8.69
2015,Q4,ENERG,3.0
2015,Q4,MINE,1.29
2015,Q4,COMM,19.57
2015,Q4,HELTH,17.13
2015,Q4,MEDIA,6.57
2015,Q4,PROF,13.21
2015,Q4,TOURISM,6.7
2015,Q4,TRANS,1.1
2015,Q4,ETRON,16.83
2015,Q4,ICT,35.45
2016,Q2,AGRO,-3.02
2016,Q2,CONSUMP,14.15
2016,Q2,FINCIAL,3.97
2016,Q2,INDUS,9.46
2016,Q2,PROPCON,4.66
2016,Q2,RESOURC,15.35
2016,Q2,SERVICE,-0.39
2016,Q2,TECH,-11.51
2016,Q2,AGRI,6.25
2016,Q2,FOOD,12.9
2016,Q2,FASHION,6.55
2016,Q2,HOME,10.99
2016,Q2,PERSON,7.47
2016,Q2,BANK,11.48
2016,Q2,FIN,14.11
2016,Q2,INSUR,11.57
2016,Q2,AUTO,10.39
2016,Q2,IMM,6.56
2016,Q2,PAPER,10.18
2016,Q2,PETRO,8.85
2016,Q2,PKG,9.35
2016,Q2,STEEL,0.95
2016,Q2,CONMAT,19.08
2016,Q2,PROP,11.02
2016,Q2,PF&REIT,
2016,Q2,CONS,8.81
2016,Q2,ENERG,3.18
2016,Q2,MINE,-7.5
2016,Q2,COMM,20.66
2016,Q2,HELTH,17.15
2016,Q2,MEDIA,4.3
2016,Q2,PROF,10.14
2016,Q2,TOURISM,6.75
2016,Q2,TRANS,3.4
2016,Q2,ETRON,15.32
2016,Q2,ICT,25.49
2016,Q3,AGRO,-4.3
2016,Q3,CONSUMP,14.12
2016,Q3,FINCIAL,7.85
2016,Q3,INDUS,9.78
2016,Q3,PROPCON,2.63
2016,Q3,RESOURC,14.61
2016,Q3,SERVICE,5.41
2016,Q3,TECH,-9.23
2016,Q3,AGRI,5.75
2016,Q3,FOOD,13.69
2016,Q3,FASHION,7.14
2016,Q3,HOME,11.82
2016,Q3,PERSON,7.73
2016,Q3,BANK,11.71
2016,Q3,FIN,15.15
2016,Q3,INSUR,12.98
2016,Q3,AUTO,9.73
2016,Q3,IMM,6.37
2016,Q3,PAPER,9.85
2016,Q3,PETRO,11.06
2016,Q3,PKG,11.53
2016,Q3,STEEL,5.27
2016,Q3,CONMAT,20.18
2016,Q3,PROP,11.15
2016,Q3,PF&REIT,
2016,Q3,CONS,8.16
2016,Q3,ENERG,9.65
2016,Q3,MINE,-1.36
2016,Q3,COMM,18.05
2016,Q3,HELTH,17.1
2016,Q3,MEDIA,2.31
2016,Q3,PROF,9.03
2016,Q3,TOURISM,6.51
2016,Q3,TRANS,5.07
2016,Q3,ETRON,15.47
2016,Q3,ICT,24.33
2016,Q4,AGRO,-1.71
2016,Q4,CONSUMP,14.24
2016,Q4,FINCIAL,14.32
2016,Q4,INDUS,9.12
2016,Q4,PROPCON,1.21
2016,Q4,RESOURC,15.76
2016,Q4,SERVICE,4.6
2016,Q4,TECH,-18.9
2016,Q4,AGRI,4.15
2016,Q4,FOOD,12.93
2016,Q4,FASHION,6.11
2016,Q4,HOME,11.12
2016,Q4,PERSON,8.5
2016,Q4,BANK,11.75
2016,Q4,FIN,15.52
2016,Q4,INSUR,12.06
2016,Q4,AUTO,9.83
2016,Q4,IMM,6.28
2016,Q4,PAPER,9.59
2016,Q4,PETRO,12.99
2016,Q4,PKG,12.83
2016,Q4,STEEL,5.28
2016,Q4,CONMAT,19.36
2016,Q4,PROP,9.79
2016,Q4,PF&REIT,
2016,Q4,CONS,9.29
2016,Q4,ENERG,10.73
2016,Q4,MINE,7.45
2016,Q4,COMM,17.13
2016,Q4,HELTH,16.3
2016,Q4,MEDIA,0.0
2016,Q4,PROF,7.82
2016,Q4,TOURISM,6.85
2016,Q4,TRANS,6.22
2016,Q4,ETRON,14.33
2016,Q4,ICT,19.54
2017,Q3,AGRO,-8.75
2017,Q3,CONSUMP,11.01
2017,Q3,FINCIAL,11.29
2017,Q3,INDUS,7.61
2017,Q3,PROPCON,3.55
2017,Q3,RESOURC,4.17
2017,Q3,SERVICE,-9.55
2017,Q3,TECH,0.82
2017,Q3,AGRI,-0.47
2017,Q3,FOOD,11.79
2017,Q3,FASHION,6.01
2017,Q3,HOME,6.56
2017,Q3,PERSON,6.94
2017,Q3,BANK,10.76
2017,Q3,FIN,14.45
2017,Q3,INSUR,9.55
2017,Q3,AUTO,9.59
2017,Q3,IMM,7.48
2017,Q3,PAPER,12.11
2017,Q3,PETRO,15.36
2017,Q3,PKG,10.12
2017,Q3,STEEL,1.26
2017,Q3,CONMAT,16.97
2017,Q3,PROP,10.82
2017,Q3,PF&REIT,
2017,Q3,CONS,4.62
2017,Q3,ENERG,12.56
2017,Q3,MINE,15.21
2017,Q3,COMM,16.5
2017,Q3,HELTH,17.33
2017,Q3,MEDIA,-2.56
2017,Q3,PROF,6.45
2017,Q3,TOURISM,7.3
2017,Q3,TRANS,5.77
2017,Q3,ETRON,12.99
2017,Q3,ICT,14.35
2017,Q1,AGRO,-2.15
2017,Q1,CONSUMP,13.35
2017,Q1,FINCIAL,14.28
2017,Q1,INDUS,8.46
2017,Q1,PROPCON,1.02
2017,Q1,RESOURC,4.48
2017,Q1,SERVICE,4.28
2017,Q1,TECH,-17.69
2017,Q1,AGRI,4.83
2017,Q1,FOOD,12.21
2017,Q1,FASHION,6.6
2017,Q1,HOME,8.98
2017,Q1,PERSON,7.03
2017,Q1,BANK,11.6
2017,Q1,FIN,16.36
2017,Q1,INSUR,19.24
2017,Q1,AUTO,9.33
2017,Q1,IMM,6.69
2017,Q1,PAPER,9.14
2017,Q1,PETRO,15.37
2017,Q1,PKG,11.88
2017,Q1,STEEL,6.96
2017,Q1,CONMAT,20.25
2017,Q1,PROP,9.06
2017,Q1,PF&REIT,
2017,Q1,CONS,8.13
2017,Q1,ENERG,12.5
2017,Q1,MINE,15.35
2017,Q1,COMM,17.16
2017,Q1,HELTH,15.07
2017,Q1,MEDIA,0.06
2017,Q1,PROF,7.21
2017,Q1,TOURISM,6.42
2017,Q1,TRANS,5.8
2017,Q1,ETRON,14.97
2017,Q1,ICT,18.34
2017,Q4,AGRO,-7.43
2017,Q4,CONSUMP,11.12
2017,Q4,FINCIAL,6.08
2017,Q4,INDUS,8.73
2017,Q4,PROPCON,4.56
2017,Q4,RESOURC,1.65
2017,Q4,SERVICE,-5.43
2017,Q4,TECH,2.37
2017,Q4,AGRI,2.61
2017,Q4,FOOD,11.73
2017,Q4,FASHION,5.76
2017,Q4,HOME,4.2
2017,Q4,PERSON,7.42
2017,Q4,BANK,10.08
2017,Q4,FIN,14.65
2017,Q4,INSUR,9.45
2017,Q4,AUTO,9.74
2017,Q4,IMM,7.91
2017,Q4,PAPER,14.65
2017,Q4,PETRO,16.33
2017,Q4,PKG,9.23
2017,Q4,STEEL,19.84
2017,Q4,CONMAT,16.4
2017,Q4,PROP,11.16
2017,Q4,PF&REIT,
2017,Q4,CONS,2.42
2017,Q4,ENERG,13.74
2017,Q4,MINE,18.81
2017,Q4,COMM,16.39
2017,Q4,HELTH,16.48
2017,Q4,MEDIA,-1.6
2017,Q4,PROF,5.92
2017,Q4,TOURISM,8.74
2017,Q4,TRANS,8.18
2017,Q4,ETRON,11.6
2017,Q4,ICT,14.96
2017,Q2,AGRO,-4.16
2017,Q2,CONSUMP,14.02
2017,Q2,FINCIAL,11.33
2017,Q2,INDUS,6.91
2017,Q2,PROPCON,3.05
2017,Q2,RESOURC,2.96
2017,Q2,SERVICE,-0.16
2017,Q2,TECH,-19.35
2017,Q2,AGRI,-0.8
2017,Q2,FOOD,12.35
2017,Q2,FASHION,6.62
2017,Q2,HOME,7.87
2017,Q2,PERSON,8.69
2017,Q2,BANK,11.33
2017,Q2,FIN,17.14
2017,Q2,INSUR,11.15
2017,Q2,AUTO,9.87
2017,Q2,IMM,6.3
2017,Q2,PAPER,10.03
2017,Q2,PETRO,14.86
2017,Q2,PKG,10.73
2017,Q2,STEEL,7.2
2017,Q2,CONMAT,17.72
2017,Q2,PROP,9.83
2017,Q2,PF&REIT,
2017,Q2,CONS,5.38
2017,Q2,ENERG,12.51
2017,Q2,MINE,17.13
2017,Q2,COMM,18.26
2017,Q2,HELTH,17.42
2017,Q2,MEDIA,-0.15
2017,Q2,PROF,7.22
2017,Q2,TOURISM,6.71
2017,Q2,TRANS,5.45
2017,Q2,ETRON,14.4
2017,Q2,ICT,13.1
2018,Q1,AGRO,-7.73
2018,Q1,CONSUMP,11.21
2018,Q1,FINCIAL,6.06
2018,Q1,INDUS,7.96
2018,Q1,PROPCON,4.49
2018,Q1,RESOURC,2.24
2018,Q1,SERVICE,-4.59
2018,Q1,TECH,2.94
2018,Q1,AGRI,3.62
2018,Q1,FOOD,10.65
2018,Q1,FASHION,5.28
2018,Q1,HOME,4.15
2018,Q1,PERSON,7.13
2018,Q1,BANK,9.85
2018,Q1,FIN,14.26
2018,Q1,INSUR,9.47
2018,Q1,AUTO,10.02
2018,Q1,IMM,6.55
2018,Q1,PAPER,19.43
2018,Q1,PETRO,15.56
2018,Q1,PKG,7.98
2018,Q1,STEEL,1.8
2018,Q1,CONMAT,14.95
2018,Q1,PROP,10.73
2018,Q1,PF&REIT,
2018,Q1,CONS,2.17
2018,Q1,ENERG,13.65
2018,Q1,MINE,14.96
2018,Q1,COMM,16.33
2018,Q1,HELTH,16.92
2018,Q1,MEDIA,-1.08
2018,Q1,PROF,6.39
2018,Q1,TOURISM,9.34
2018,Q1,TRANS,9.18
2018,Q1,ETRON,10.0
2018,Q1,ICT,16.55
2018,Q4,AGRO,0.17
2018,Q4,CONSUMP,11.51
2018,Q4,FINCIAL,4.02
2018,Q4,INDUS,5.93
2018,Q4,PROPCON,3.53
2018,Q4,RESOURC,2.94
2018,Q4,SERVICE,1.96
2018,Q4,TECH,-1.17
2018,Q4,AGRI,7.03
2018,Q4,FOOD,9.86
2018,Q4,FASHION,5.71
2018,Q4,HOME,1.65
2018,Q4,PERSON,8.54
2018,Q4,BANK,10.23
2018,Q4,FIN,17.03
2018,Q4,INSUR,9.21
2018,Q4,AUTO,10.66
2018,Q4,IMM,3.3
2018,Q4,PAPER,31.48
2018,Q4,PETRO,15.13
2018,Q4,PKG,9.77
2018,Q4,STEEL,-3.38
2018,Q4,CONMAT,12.68
2018,Q4,PROP,10.04
2018,Q4,PF&REIT,
2018,Q4,CONS,2.2
2018,Q4,ENERG,12.03
2018,Q4,MINE,0.03
2018,Q4,COMM,15.94
2018,Q4,HELTH,14.71
2018,Q4,MEDIA,6.9
2018,Q4,PROF,8.9
2018,Q4,TOURISM,8.05
2018,Q4,TRANS,6.58
2018,Q4,ETRON,10.76
2018,Q4,ICT,15.58
2018,Q3,AGRO,-1.41
2018,Q3,CONSUMP,13.43
2018,Q3,FINCIAL,4.84
2018,Q3,INDUS,8.7
2018,Q3,PROPCON,2.42
2018,Q3,RESOURC,3.56
2018,Q3,SERVICE,-2.4
2018,Q3,TECH,4.76
2018,Q3,AGRI,8.17
2018,Q3,FOOD,9.97
2018,Q3,FASHION,5.25
2018,Q3,HOME,3.0
2018,Q3,PERSON,9.32
2018,Q3,BANK,10.45
2018,Q3,FIN,17.78
2018,Q3,INSUR,10.25
2018,Q3,AUTO,11.19
2018,Q3,IMM,4.53
2018,Q3,PAPER,29.44
2018,Q3,PETRO,18.36
2018,Q3,PKG,9.22
2018,Q3,STEEL,1.95
2018,Q3,CONMAT,13.55
2018,Q3,PROP,9.98
2018,Q3,PF&REIT,
2018,Q3,CONS,5.28
2018,Q3,ENERG,14.75
2018,Q3,MINE,5.61
2018,Q3,COMM,16.5
2018,Q3,HELTH,16.0
2018,Q3,MEDIA,2.59
2018,Q3,PROF,9.73
2018,Q3,TOURISM,10.36
2018,Q3,TRANS,10.27
2018,Q3,ETRON,10.7
2018,Q3,ICT,20.44
2018,Q2,AGRO,-5.84
2018,Q2,CONSUMP,12.83
2018,Q2,FINCIAL,7.38
2018,Q2,INDUS,9.22
2018,Q2,PROPCON,1.61
2018,Q2,RESOURC,3.47
2018,Q2,SERVICE,-4.17
2018,Q2,TECH,3.99
2018,Q2,AGRI,8.29
2018,Q2,FOOD,10.55
2018,Q2,FASHION,5.41
2018,Q2,HOME,4.16
2018,Q2,PERSON,7.66
2018,Q2,BANK,10.32
2018,Q2,FIN,15.18
2018,Q2,INSUR,9.51
2018,Q2,AUTO,10.15
2018,Q2,IMM,5.72
2018,Q2,PAPER,25.25
2018,Q2,PETRO,17.06
2018,Q2,PKG,8.83
2018,Q2,STEEL,13.45
2018,Q2,CONMAT,14.16
2018,Q2,PROP,10.4
2018,Q2,PF&REIT,
2018,Q2,CONS,3.43
2018,Q2,ENERG,13.58
2018,Q2,MINE,9.2
2018,Q2,COMM,16.67
2018,Q2,HELTH,15.9
2018,Q2,MEDIA,-0.49
2018,Q2,PROF,6.33
2018,Q2,TOURISM,10.3
2018,Q2,TRANS,10.07
2018,Q2,ETRON,10.28
2018,Q2,ICT,20.48
2019,Q2,AGRO,1.79
2019,Q2,CONSUMP,8.86
2019,Q2,FINCIAL,3.69
2019,Q2,INDUS,4.64
2019,Q2,PROPCON,2.48
2019,Q2,RESOURC,-0.64
2019,Q2,SERVICE,7.35
2019,Q2,TECH,-0.13
2019,Q2,AGRI,3.71
2019,Q2,FOOD,9.86
2019,Q2,FASHION,4.17
2019,Q2,HOME,-0.69
2019,Q2,PERSON,6.3
2019,Q2,BANK,10.12
2019,Q2,FIN,16.16
2019,Q2,INSUR,8.69
2019,Q2,AUTO,8.84
2019,Q2,IMM,-1.27
2019,Q2,PAPER,34.35
2019,Q2,PETRO,10.23
2019,Q2,PKG,9.95
2019,Q2,STEEL,-6.01
2019,Q2,CONMAT,11.49
2019,Q2,PROP,10.53
2019,Q2,PF&REIT,
2019,Q2,CONS,4.85
2019,Q2,ENERG,10.36
2019,Q2,MINE,0.63
2019,Q2,COMM,16.15
2019,Q2,HELTH,16.25
2019,Q2,MEDIA,5.84
2019,Q2,PROF,6.7
2019,Q2,TOURISM,5.42
2019,Q2,TRANS,4.44
2019,Q2,ETRON,9.98
2019,Q2,ICT,11.92
2019,Q1,AGRO,2.51
2019,Q1,CONSUMP,10.44
2019,Q1,FINCIAL,2.54
2019,Q1,INDUS,6.06
2019,Q1,PROPCON,3.03
2019,Q1,RESOURC,1.31
2019,Q1,SERVICE,2.62
2019,Q1,TECH,-0.88
2019,Q1,AGRI,3.8
2019,Q1,FOOD,9.84
2019,Q1,FASHION,5.58
2019,Q1,HOME,1.03
2019,Q1,PERSON,7.08
2019,Q1,BANK,10.11
2019,Q1,FIN,16.19
2019,Q1,INSUR,8.62
2019,Q1,AUTO,10.37
2019,Q1,IMM,1.48
2019,Q1,PAPER,31.64
2019,Q1,PETRO,12.99
2019,Q1,PKG,10.05
2019,Q1,STEEL,-4.81
2019,Q1,CONMAT,12.93
2019,Q1,PROP,11.01
2019,Q1,PF&REIT,
2019,Q1,CONS,4.92
2019,Q1,ENERG,10.45
2019,Q1,MINE,-0.84
2019,Q1,COMM,15.54
2019,Q1,HELTH,16.2
2019,Q1,MEDIA,5.31
2019,Q1,PROF,8.01
2019,Q1,TOURISM,6.68
2019,Q1,TRANS,5.3
2019,Q1,ETRON,10.49
2019,Q1,ICT,15.41
2019,Q3,AGRO,5.23
2019,Q3,CONSUMP,7.69
2019,Q3,FINCIAL,1.88
2019,Q3,INDUS,3.74
2019,Q3,PROPCON,1.32
2019,Q3,RESOURC,16.21
2019,Q3,SERVICE,9.78
2019,Q3,TECH,2.76
2019,Q3,AGRI,1.77
2019,Q3,FOOD,10.87
2019,Q3,FASHION,3.34
2019,Q3,HOME,-0.19
2019,Q3,PERSON,5.04
2019,Q3,BANK,9.98
2019,Q3,FIN,16.12
2019,Q3,INSUR,8.7
2019,Q3,AUTO,8.62
2019,Q3,IMM,-0.66
2019,Q3,PAPER,31.32
2019,Q3,PETRO,6.3
2019,Q3,PKG,10.1
2019,Q3,STEEL,-6.08
2019,Q3,CONMAT,11.14
2019,Q3,PROP,10.41
2019,Q3,PF&REIT,
2019,Q3,CONS,3.6
2019,Q3,ENERG,9.05
2019,Q3,MINE,1.02
2019,Q3,COMM,15.12
2019,Q3,HELTH,16.03
2019,Q3,MEDIA,6.2
2019,Q3,PROF,4.61
2019,Q3,TOURISM,4.67
2019,Q3,TRANS,3.86
2019,Q3,ETRON,7.87
2019,Q3,ICT,14.6
2019,Q4,AGRO,5.6
2019,Q4,CONSUMP,9.04
2019,Q4,FINCIAL,6.49
2019,Q4,INDUS,4.42
2019,Q4,PROPCON,0.25
2019,Q4,RESOURC,16.84
2019,Q4,SERVICE,10.69
2019,Q4,TECH,9.54
2019,Q4,AGRI,0.12
2019,Q4,FOOD,11.34
2019,Q4,FASHION,1.92
2019,Q4,HOME,1.12
2019,Q4,PERSON,2.54
2019,Q4,BANK,9.89
2019,Q4,FIN,15.66
2019,Q4,INSUR,8.33
2019,Q4,AUTO,6.57
2019,Q4,IMM,-0.78
2019,Q4,PAPER,29.63
2019,Q4,PETRO,4.73
2019,Q4,PKG,9.72
2019,Q4,STEEL,-4.82
2019,Q4,CONMAT,10.2
2019,Q4,PROP,9.86
2019,Q4,PF&REIT,
2019,Q4,CONS,6.55
2019,Q4,ENERG,9.52
2019,Q4,MINE,1.22
2019,Q4,COMM,15.01
2019,Q4,HELTH,15.95
2019,Q4,MEDIA,5.98
2019,Q4,PROF,5.21
2019,Q4,TOURISM,3.54
2019,Q4,TRANS,6.69
2019,Q4,ETRON,6.29
2019,Q4,ICT,19.3
2020,Q1,AGRO,4.25
2020,Q1,CONSUMP,8.05
2020,Q1,FINCIAL,3.75
2020,Q1,INDUS,3.07
2020,Q1,PROPCON,-1.73
2020,Q1,RESOURC,17.67
2020,Q1,SERVICE,8.83
2020,Q1,TECH,8.93
2020,Q1,AGRI,3.11
2020,Q1,FOOD,10.68
2020,Q1,FASHION,1.54
2020,Q1,HOME,2.4
2020,Q1,PERSON,2.75
2020,Q1,BANK,9.54
2020,Q1,FIN,15.65
2020,Q1,INSUR,7.24
2020,Q1,AUTO,6.23
2020,Q1,IMM,1.7
2020,Q1,PAPER,30.71
2020,Q1,PETRO,1.35
2020,Q1,PKG,8.44
2020,Q1,STEEL,-0.33
2020,Q1,CONMAT,8.53
2020,Q1,PROP,8.52
2020,Q1,PF&REIT,
2020,Q1,CONS,3.88
2020,Q1,ENERG,5.5
2020,Q1,MINE,1.22
2020,Q1,COMM,14.28
2020,Q1,HELTH,12.14
2020,Q1,MEDIA,2.83
2020,Q1,PROF,5.02
2020,Q1,TOURISM,1.48
2020,Q1,TRANS,-1.27
2020,Q1,ETRON,6.34
2020,Q1,ICT,19.63
2020,Q4,AGRO,4.6
2020,Q4,CONSUMP,8.86
2020,Q4,FINCIAL,-1.11
2020,Q4,INDUS,6.15
2020,Q4,PROPCON,-4.02
2020,Q4,RESOURC,-2.79
2020,Q4,SERVICE,4.51
2020,Q4,TECH,12.3
2020,Q4,AGRI,17.67
2020,Q4,FOOD,6.94
2020,Q4,FASHION,0.07
2020,Q4,HOME,6.06
2020,Q4,PERSON,46.55
2020,Q4,BANK,6.26
2020,Q4,FIN,13.7
2020,Q4,INSUR,7.27
2020,Q4,AUTO,3.78
2020,Q4,IMM,8.69
2020,Q4,PAPER,30.63
2020,Q4,PETRO,1.86
2020,Q4,PKG,10.41
2020,Q4,STEEL,0.57
2020,Q4,CONMAT,10.7
2020,Q4,PROP,4.13
2020,Q4,PF&REIT,
2020,Q4,CONS,0.41
2020,Q4,ENERG,4.16
2020,Q4,MINE,6.97
2020,Q4,COMM,10.45
2020,Q4,HELTH,7.81
2020,Q4,MEDIA,-3.45
2020,Q4,PROF,0.93
2020,Q4,TOURISM,-16.29
2020,Q4,TRANS,-54.28
2020,Q4,ETRON,11.3
2020,Q4,ICT,14.65
2020,Q3,AGRO,7.7
2020,Q3,CONSUMP,8.6
2020,Q3,FINCIAL,5.52
2020,Q3,INDUS,4.78
2020,Q3,PROPCON,-3.37
2020,Q3,RESOURC,-2.36
2020,Q3,SERVICE,3.63
2020,Q3,TECH,10.45
2020,Q3,AGRI,8.37
2020,Q3,FOOD,8.13
2020,Q3,FASHION,0.1
2020,Q3,HOME,5.32
2020,Q3,PERSON,16.35
2020,Q3,BANK,7.18
2020,Q3,FIN,13.97
2020,Q3,INSUR,6.82
2020,Q3,AUTO,2.06
2020,Q3,IMM,5.41
2020,Q3,PAPER,30.74
2020,Q3,PETRO,0.16
2020,Q3,PKG,10.4
2020,Q3,STEEL,2.1
2020,Q3,CONMAT,10.58
2020,Q3,PROP,7.07
2020,Q3,PF&REIT,
2020,Q3,CONS,1.59
2020,Q3,ENERG,4.19
2020,Q3,MINE,6.42
2020,Q3,COMM,12.38
2020,Q3,HELTH,8.19
2020,Q3,MEDIA,-3.63
2020,Q3,PROF,0.5
2020,Q3,TOURISM,-8.12
2020,Q3,TRANS,-15.45
2020,Q3,ETRON,9.14
2020,Q3,ICT,16.24
2020,Q2,AGRO,5.91
2020,Q2,CONSUMP,8.21
2020,Q2,FINCIAL,4.79
2020,Q2,INDUS,3.96
2020,Q2,PROPCON,-2.17
2020,Q2,RESOURC,12.88
2020,Q2,SERVICE,4.09
2020,Q2,TECH,9.36
2020,Q2,AGRI,4.23
2020,Q2,FOOD,9.6
2020,Q2,FASHION,0.41
2020,Q2,HOME,4.1
2020,Q2,PERSON,3.02
2020,Q2,BANK,8.46
2020,Q2,FIN,15.17
2020,Q2,INSUR,7.02
2020,Q2,AUTO,2.9
2020,Q2,IMM,5.94
2020,Q2,PAPER,32.33
2020,Q2,PETRO,0.55
2020,Q2,PKG,10.45
2020,Q2,STEEL,0.15
2020,Q2,CONMAT,9.48
2020,Q2,PROP,7.84
2020,Q2,PF&REIT,
2020,Q2,CONS,2.53
2020,Q2,ENERG,4.29
2020,Q2,MINE,1.66
2020,Q2,COMM,12.95
2020,Q2,HELTH,10.4
2020,Q2,MEDIA,-2.06
2020,Q2,PROF,5.03
2020,Q2,TOURISM,-3.29
2020,Q2,TRANS,-5.38
2020,Q2,ETRON,7.38
2020,Q2,ICT,18.4
2021,Q1,AGRO,5.53
2021,Q1,CONSUMP,10.45
2021,Q1,FINCIAL,4.4
2021,Q1,INDUS,7.83
2021,Q1,PROPCON,-3.05
2021,Q1,RESOURC,-2.66
2021,Q1,SERVICE,6.97
2021,Q1,TECH,12.56
2021,Q1,AGRI,24.06
2021,Q1,FOOD,6.17
2021,Q1,FASHION,0.46
2021,Q1,HOME,5.37
2021,Q1,PERSON,65.14
2021,Q1,BANK,6.12
2021,Q1,FIN,15.05
2021,Q1,INSUR,9.55
2021,Q1,AUTO,4.56
2021,Q1,IMM,10.57
2021,Q1,PAPER,27.65
2021,Q1,PETRO,6.75
2021,Q1,PKG,9.52
2021,Q1,STEEL,6.8
2021,Q1,CONMAT,12.77
2021,Q1,PROP,4.89
2021,Q1,PF&REIT,
2021,Q1,CONS,0.97
2021,Q1,ENERG,8.66
2021,Q1,MINE,6.4
2021,Q1,COMM,9.16
2021,Q1,HELTH,6.6
2021,Q1,MEDIA,-0.16
2021,Q1,PROF,1.16
2021,Q1,TOURISM,-19.16
2021,Q1,TRANS,-3.56
2021,Q1,ETRON,12.32
2021,Q1,ICT,15.94
2021,Q3,AGRO,2.2
2021,Q3,CONSUMP,20.51
2021,Q3,FINCIAL,2.22
2021,Q3,INDUS,6.98
2021,Q3,PROPCON,-2.66
2021,Q3,RESOURC,4.86
2021,Q3,SERVICE,9.17
2021,Q3,TECH,13.92
2021,Q3,AGRI,30.39
2021,Q3,FOOD,4.62
2021,Q3,FASHION,3.78
2021,Q3,HOME,2.71
2021,Q3,PERSON,66.14
2021,Q3,BANK,7.36
2021,Q3,FIN,15.86
2021,Q3,INSUR,4.1
2021,Q3,AUTO,9.08
2021,Q3,IMM,11.57
2021,Q3,PAPER,26.32
2021,Q3,PETRO,16.25
2021,Q3,PKG,11.3
2021,Q3,STEEL,17.92
2021,Q3,CONMAT,13.41
2021,Q3,PROP,4.89
2021,Q3,PF&REIT,
2021,Q3,CONS,0.49
2021,Q3,ENERG,10.55
2021,Q3,MINE,12.36
2021,Q3,COMM,9.18
2021,Q3,HELTH,14.36
2021,Q3,MEDIA,5.65
2021,Q3,PROF,4.09
2021,Q3,TOURISM,-17.86
2021,Q3,TRANS,-16.11
2021,Q3,ETRON,12.16
2021,Q3,ICT,15.15
2021,Q4,AGRO,4.61
2021,Q4,CONSUMP,21.33
2021,Q4,FINCIAL,2.77
2021,Q4,INDUS,6.69
2021,Q4,PROPCON,-2.75
2021,Q4,RESOURC,-2.11
2021,Q4,SERVICE,13.44
2021,Q4,TECH,17.69
2021,Q4,AGRI,24.67
2021,Q4,FOOD,5.41
2021,Q4,FASHION,4.76
2021,Q4,HOME,1.5
2021,Q4,PERSON,47.1
2021,Q4,BANK,7.68
2021,Q4,FIN,14.73
2021,Q4,INSUR,0.59
2021,Q4,AUTO,8.47
2021,Q4,IMM,10.42
2021,Q4,PAPER,25.08
2021,Q4,PETRO,16.47
2021,Q4,PKG,10.06
2021,Q4,STEEL,20.29
2021,Q4,CONMAT,13.5
2021,Q4,PROP,6.13
2021,Q4,PF&REIT,
2021,Q4,CONS,1.97
2021,Q4,ENERG,11.38
2021,Q4,MINE,-16.76
2021,Q4,COMM,9.02
2021,Q4,HELTH,17.86
2021,Q4,MEDIA,6.66
2021,Q4,PROF,3.99
2021,Q4,TOURISM,-12.29
2021,Q4,TRANS,24.44
2021,Q4,ETRON,12.38
2021,Q4,ICT,15.14
2021,Q2,AGRO,4.3
2021,Q2,CONSUMP,12.41
2021,Q2,FINCIAL,-0.05
2021,Q2,INDUS,7.43
2021,Q2,PROPCON,-2.1
2021,Q2,RESOURC,3.8
2021,Q2,SERVICE,7.53
2021,Q2,TECH,14.34
2021,Q2,AGRI,29.39
2021,Q2,FOOD,6.84
2021,Q2,FASHION,2.54
2021,Q2,HOME,5.2
2021,Q2,PERSON,70.09
2021,Q2,BANK,6.89
2021,Q2,FIN,16.01
2021,Q2,INSUR,8.1
2021,Q2,AUTO,8.99
2021,Q2,IMM,10.44
2021,Q2,PAPER,28.72
2021,Q2,PETRO,13.69
2021,Q2,PKG,10.96
2021,Q2,STEEL,12.91
2021,Q2,CONMAT,14.44
2021,Q2,PROP,4.99
2021,Q2,PF&REIT,
2021,Q2,CONS,1.0
2021,Q2,ENERG,10.01
2021,Q2,MINE,6.86
2021,Q2,COMM,10.54
2021,Q2,HELTH,9.18
2021,Q2,MEDIA,2.91
2021,Q2,PROF,2.03
2021,Q2,TOURISM,-17.59
2021,Q2,TRANS,-41.87
2021,Q2,ETRON,13.13
2021,Q2,ICT,15.1
2022,Q2,AGRO,4.64
2022,Q2,CONSUMP,18.65
2022,Q2,FINCIAL,-0.37
2022,Q2,INDUS,8.49
2022,Q2,PROPCON,-1.75
2022,Q2,RESOURC,-1.51
2022,Q2,SERVICE,11.52
2022,Q2,TECH,16.17
2022,Q2,AGRI,14.34
2022,Q2,FOOD,6.52
2022,Q2,FASHION,6.61
2022,Q2,HOME,-0.04
2022,Q2,PERSON,15.54
2022,Q2,BANK,7.98
2022,Q2,FIN,13.41
2022,Q2,INSUR,-28.9
2022,Q2,AUTO,8.06
2022,Q2,IMM,10.64
2022,Q2,PAPER,23.8
2022,Q2,PETRO,13.12
2022,Q2,PKG,9.92
2022,Q2,STEEL,13.81
2022,Q2,CONMAT,10.33
2022,Q2,PROP,7.02
2022,Q2,PF&REIT,
2022,Q2,CONS,0.43
2022,Q2,ENERG,13.6
2022,Q2,MINE,-25.55
2022,Q2,COMM,9.65
2022,Q2,HELTH,24.28
2022,Q2,MEDIA,7.63
2022,Q2,PROF,4.13
2022,Q2,TOURISM,-8.29
2022,Q2,TRANS,19.65
2022,Q2,ETRON,15.21
2022,Q2,ICT,14.79
2022,Q4,AGRO,8.92
2022,Q4,CONSUMP,5.47
2022,Q4,FINCIAL,-4.3
2022,Q4,INDUS,6.31
2022,Q4,PROPCON,-0.59
2022,Q4,RESOURC,1.52
2022,Q4,SERVICE,6.39
2022,Q4,TECH,14.23
2022,Q4,AGRI,11.53
2022,Q4,FOOD,10.36
2022,Q4,FASHION,5.33
2022,Q4,HOME,0.48
2022,Q4,PERSON,5.57
2022,Q4,BANK,7.89
2022,Q4,FIN,12.31
2022,Q4,INSUR,-7.06
2022,Q4,AUTO,9.4
2022,Q4,IMM,-26.68
2022,Q4,PAPER,18.52
2022,Q4,PETRO,5.43
2022,Q4,PKG,7.75
2022,Q4,STEEL,-5.14
2022,Q4,CONMAT,7.24
2022,Q4,PROP,8.58
2022,Q4,PF&REIT,
2022,Q4,CONS,-2.49
2022,Q4,ENERG,11.7
2022,Q4,MINE,-17.28
2022,Q4,COMM,7.49
2022,Q4,HELTH,16.59
2022,Q4,MEDIA,5.95
2022,Q4,PROF,4.46
2022,Q4,TOURISM,-2.15
2022,Q4,TRANS,7.75
2022,Q4,ETRON,19.64
2022,Q4,ICT,8.12
2022,Q3,AGRO,6.35
2022,Q3,CONSUMP,9.33
2022,Q3,FINCIAL,-2.68
2022,Q3,INDUS,8.06
2022,Q3,PROPCON,0.2
2022,Q3,RESOURC,-1.04
2022,Q3,SERVICE,10.91
2022,Q3,TECH,14.97
2022,Q3,AGRI,12.46
2022,Q3,FOOD,9.67
2022,Q3,FASHION,6.83
2022,Q3,HOME,0.53
2022,Q3,PERSON,8.07
2022,Q3,BANK,8.19
2022,Q3,FIN,12.84
2022,Q3,INSUR,-9.22
2022,Q3,AUTO,9.16
2022,Q3,IMM,9.66
2022,Q3,PAPER,22.94
2022,Q3,PETRO,9.55
2022,Q3,PKG,9.81
2022,Q3,STEEL,5.58
2022,Q3,CONMAT,9.35
2022,Q3,PROP,8.06
2022,Q3,PF&REIT,
2022,Q3,CONS,0.16
2022,Q3,ENERG,13.06
2022,Q3,MINE,-33.82
2022,Q3,COMM,10.66
2022,Q3,HELTH,20.8
2022,Q3,MEDIA,5.92
2022,Q3,PROF,4.0
2022,Q3,TOURISM,-5.35
2022,Q3,TRANS,5.92
2022,Q3,ETRON,16.97
2022,Q3,ICT,13.89
2022,Q1,AGRO,4.29
2022,Q1,CONSUMP,19.7
2022,Q1,FINCIAL,0.75
2022,Q1,INDUS,8.97
2022,Q1,PROPCON,-1.97
2022,Q1,RESOURC,-1.06
2022,Q1,SERVICE,12.14
2022,Q1,TECH,16.68
2022,Q1,AGRI,18.98
2022,Q1,FOOD,5.47
2022,Q1,FASHION,4.81
2022,Q1,HOME,0.71
2022,Q1,PERSON,26.04
2022,Q1,BANK,7.73
2022,Q1,FIN,13.65
2022,Q1,INSUR,-24.2
2022,Q1,AUTO,7.96
2022,Q1,IMM,10.6
2022,Q1,PAPER,22.93
2022,Q1,PETRO,15.81
2022,Q1,PKG,10.02
2022,Q1,STEEL,18.21
2022,Q1,CONMAT,12.21
2022,Q1,PROP,6.28
2022,Q1,PF&REIT,
2022,Q1,CONS,1.09
2022,Q1,ENERG,11.22
2022,Q1,MINE,-18.81
2022,Q1,COMM,9.32
2022,Q1,HELTH,21.82
2022,Q1,MEDIA,5.57
2022,Q1,PROF,3.94
2022,Q1,TOURISM,-11.62
2022,Q1,TRANS,17.35
2022,Q1,ETRON,13.43
2022,Q1,ICT,15.34
2023,Q1,AGRO,9.1
2023,Q1,CONSUMP,3.14
2023,Q1,FINCIAL,-3.64
2023,Q1,INDUS,2.29
2023,Q1,PROPCON,-0.34
2023,Q1,RESOURC,1.33
2023,Q1,SERVICE,7.15
2023,Q1,TECH,12.98
2023,Q1,AGRI,9.23
2023,Q1,FOOD,9.17
2023,Q1,FASHION,4.18
2023,Q1,HOME,0.94
2023,Q1,PERSON,3.86
2023,Q1,BANK,8.05
2023,Q1,FIN,11.38
2023,Q1,INSUR,7.85
2023,Q1,AUTO,9.17
2023,Q1,IMM,-0.48
2023,Q1,PAPER,15.93
2023,Q1,PETRO,2.08
2023,Q1,PKG,6.36
2023,Q1,STEEL,-7.25
2023,Q1,CONMAT,8.43
2023,Q1,PROP,8.59
2023,Q1,PF&REIT,
2023,Q1,CONS,-1.62
2023,Q1,ENERG,10.91
2023,Q1,MINE,-16.51
2023,Q1,COMM,7.6
2023,Q1,HELTH,13.65
2023,Q1,MEDIA,5.54
2023,Q1,PROF,6.13
2023,Q1,TOURISM,0.85
2023,Q1,TRANS,13.28
2023,Q1,ETRON,19.35
2023,Q1,ICT,11.1
2023,Q3,AGRO,12.12
2023,Q3,CONSUMP,0.76
2023,Q3,FINCIAL,-0.28
2023,Q3,INDUS,4.08
2023,Q3,PROPCON,-5.3
2023,Q3,RESOURC,-3.54
2023,Q3,SERVICE,3.89
2023,Q3,TECH,12.09
2023,Q3,AGRI,4.83
2023,Q3,FOOD,5.21
2023,Q3,FASHION,2.57
2023,Q3,HOME,2.71
2023,Q3,PERSON,3.14
2023,Q3,BANK,8.52
2023,Q3,FIN,10.01
2023,Q3,INSUR,10.41
2023,Q3,AUTO,9.73
2023,Q3,IMM,-0.57
2023,Q3,PAPER,16.26
2023,Q3,PETRO,-2.12
2023,Q3,PKG,4.46
2023,Q3,STEEL,-8.24
2023,Q3,CONMAT,7.34
2023,Q3,PROP,8.34
2023,Q3,PF&REIT,
2023,Q3,CONS,0.35
2023,Q3,ENERG,9.03
2023,Q3,MINE,
2023,Q3,COMM,7.48
2023,Q3,HELTH,13.56
2023,Q3,MEDIA,3.65
2023,Q3,PROF,5.07
2023,Q3,TOURISM,5.34
2023,Q3,TRANS,17.39
2023,Q3,ETRON,19.51
2023,Q3,ICT,13.16
2023,Q4,AGRO,14.62
2023,Q4,CONSUMP,2.42
2023,Q4,FINCIAL,5.0
2023,Q4,INDUS,5.88
2023,Q4,PROPCON,3.95
2023,Q4,RESOURC,-8.25
2023,Q4,SERVICE,2.53
2023,Q4,TECH,10.2
2023,Q4,AGRI,2.02
2023,Q4,FOOD,1.33
2023,Q4,FASHION,4.4
2023,Q4,HOME,3.43
2023,Q4,PERSON,3.67
2023,Q4,BANK,8.76
2023,Q4,FIN,9.2
2023,Q4,INSUR,8.59
2023,Q4,AUTO,9.2
2023,Q4,IMM,-2.66
2023,Q4,PAPER,20.09
2023,Q4,PETRO,-1.01
2023,Q4,PKG,5.35
2023,Q4,STEEL,-2.64
2023,Q4,CONMAT,7.48
2023,Q4,PROP,7.53
2023,Q4,PF&REIT,
2023,Q4,CONS,0.53
2023,Q4,ENERG,9.25
2023,Q4,MINE,
2023,Q4,COMM,7.61
2023,Q4,HELTH,13.46
2023,Q4,MEDIA,-1.95
2023,Q4,PROF,5.41
2023,Q4,TOURISM,4.29
2023,Q4,TRANS,16.07
2023,Q4,ETRON,17.75
2023,Q4,ICT,16.09
2023,Q2,AGRO,9.9
2023,Q2,CONSUMP,1.41
2023,Q2,FINCIAL,-0.47
2023,Q2,INDUS,2.59
2023,Q2,PROPCON,-5.7
2023,Q2,RESOURC,-2.51
2023,Q2,SERVICE,4.98
2023,Q2,TECH,12.5
2023,Q2,AGRI,7.52
2023,Q2,FOOD,7.27
2023,Q2,FASHION,3.37
2023,Q2,HOME,2.1
2023,Q2,PERSON,3.26
2023,Q2,BANK,8.42
2023,Q2,FIN,10.46
2023,Q2,INSUR,10.86
2023,Q2,AUTO,10.08
2023,Q2,IMM,-2.2
2023,Q2,PAPER,14.34
2023,Q2,PETRO,-3.02
2023,Q2,PKG,5.4
2023,Q2,STEEL,-10.16
2023,Q2,CONMAT,7.61
2023,Q2,PROP,8.43
2023,Q2,PF&REIT,
2023,Q2,CONS,-0.69
2023,Q2,ENERG,7.64
2023,Q2,MINE,-17.16
2023,Q2,COMM,7.41
2023,Q2,HELTH,12.84
2023,Q2,MEDIA,4.07
2023,Q2,PROF,4.94
2023,Q2,TOURISM,6.92
2023,Q2,TRANS,15.55
2023,Q2,ETRON,19.84
2023,Q2,ICT,10.6
2024,Q1,AGRO,15.58
2024,Q1,CONSUMP,3.12
2024,Q1,FINCIAL,9.1
2024,Q1,INDUS,7.06
2024,Q1,PROPCON,5.39
2024,Q1,RESOURC,-6.35
2024,Q1,SERVICE,2.45
2024,Q1,TECH,8.48
2024,Q1,AGRI,1.56
2024,Q1,FOOD,2.06
2024,Q1,FASHION,1.33
2024,Q1,HOME,2.08
2024,Q1,PERSON,3.62
2024,Q1,BANK,8.69
2024,Q1,FIN,9.09
2024,Q1,INSUR,8.19
2024,Q1,AUTO,8.72
2024,Q1,IMM,-2.96
2024,Q1,PAPER,18.56
2024,Q1,PETRO,-0.93
2024,Q1,PKG,6.19
2024,Q1,STEEL,-4.42
2024,Q1,CONMAT,4.81
2024,Q1,PROP,7.38
2024,Q1,PF&REIT,
2024,Q1,CONS,0.48
2024,Q1,ENERG,8.86
2024,Q1,MINE,
2024,Q1,COMM,7.39
2024,Q1,HELTH,13.7
2024,Q1,MEDIA,0.34
2024,Q1,PROF,5.6
2024,Q1,TOURISM,5.84
2024,Q1,TRANS,12.94
2024,Q1,ETRON,17.88
2024,Q1,ICT,18.12
2024,Q2,AGRO,15.14
2024,Q2,CONSUMP,2.89
2024,Q2,FINCIAL,5.67
2024,Q2,INDUS,8.05
2024,Q2,PROPCON,7.69
2024,Q2,RESOURC,-7.11
2024,Q2,SERVICE,2.39
2024,Q2,TECH,8.3
2024,Q2,AGRI,3.22
2024,Q2,FOOD,4.14
2024,Q2,FASHION,2.26
2024,Q2,HOME,-0.18
2024,Q2,PERSON,5.7
2024,Q2,BANK,8.8
2024,Q2,FIN,9.6
2024,Q2,INSUR,8.91
2024,Q2,AUTO,7.66
2024,Q2,IMM,-1.14
2024,Q2,PAPER,18.33
2024,Q2,PETRO,-4.14
2024,Q2,PKG,7.05
2024,Q2,STEEL,-5.49
2024,Q2,CONMAT,3.86
2024,Q2,PROP,7.68
2024,Q2,PF&REIT,
2024,Q2,CONS,-2.21
2024,Q2,ENERG,9.86
2024,Q2,MINE,
2024,Q2,COMM,7.94
2024,Q2,HELTH,14.24
2024,Q2,MEDIA,-0.42
2024,Q2,PROF,6.58
2024,Q2,TOURISM,5.55
2024,Q2,TRANS,14.35
2024,Q2,ETRON,19.48
2024,Q2,ICT,19.29
2024,Q3,AGRO,13.66
2024,Q3,CONSUMP,4.32
2024,Q3,FINCIAL,0.84
2024,Q3,INDUS,6.26
2024,Q3,PROPCON,7.89
2024,Q3,RESOURC,-8.33
2024,Q3,SERVICE,2.59
2024,Q3,TECH,8.42
2024,Q3,AGRI,5.7
2024,Q3,FOOD,6.13
2024,Q3,FASHION,-0.16
2024,Q3,HOME,-1.95
2024,Q3,PERSON,5.1
2024,Q3,BANK,8.86
2024,Q3,FIN,8.85
2024,Q3,INSUR,9.24
2024,Q3,AUTO,6.33
2024,Q3,IMM,-1.28
2024,Q3,PAPER,14.66
2024,Q3,PETRO,-8.76
2024,Q3,PKG,6.75
2024,Q3,STEEL,-10.44
2024,Q3,CONMAT,3.38
2024,Q3,PROP,7.58
2024,Q3,PF&REIT,
2024,Q3,CONS,-8.19
2024,Q3,ENERG,7.69
2024,Q3,MINE,
2024,Q3,COMM,10.4
2024,Q3,HELTH,14.42
2024,Q3,MEDIA,-1.2
2024,Q3,PROF,8.79
2024,Q3,TOURISM,4.78
2024,Q3,TRANS,18.92
2024,Q3,ETRON,18.83
2024,Q3,ICT,19.7
2024,Q4,AGRO,11.21
2024,Q4,CONSUMP,4.25
2024,Q4,FINCIAL,-1.03
2024,Q4,INDUS,5.01
2024,Q4,PROPCON,1.16
2024,Q4,RESOURC,-3.73
2024,Q4,SERVICE,2.63
2024,Q4,TECH,9.83
2024,Q4,AGRI,8.13
2024,Q4,FOOD,10.16
2024,Q4,FASHION,0.22
2024,Q4,HOME,-3.8
2024,Q4,PERSON,7.12
2024,Q4,BANK,9.0
2024,Q4,FIN,7.13
2024,Q4,INSUR,10.3
2024,Q4,AUTO,3.52
2024,Q4,IMM,1.44
2024,Q4,PAPER,13.34
2024,Q4,PETRO,-9.45
2024,Q4,PKG,5.77
2024,Q4,STEEL,-10.98
2024,Q4,CONMAT,3.87
2024,Q4,PROP,6.95
2024,Q4,PF&REIT,
2024,Q4,CONS,-12.22
2024,Q4,ENERG,7.54
2024,Q4,MINE,
2024,Q4,COMM,7.88
2024,Q4,HELTH,13.08
2024,Q4,MEDIA,-0.49
2024,Q4,PROF,3.97
2024,Q4,TOURISM,6.98
2024,Q4,TRANS,4.67
2024,Q4,ETRON,15.38
2024,Q4,ICT,13.97
2026,Q1,AGRO,9.17
2026,Q1,CONSUMP,5.98
2026,Q1,FINCIAL,-0.05
2026,Q1,INDUS,7.61
2026,Q1,PROPCON,-1.17
2026,Q1,RESOURC,-19.82
2026,Q1,SERVICE,4.21
2026,Q1,TECH,3.83
2026,Q1,AGRI,5.84
2026,Q1,FOOD,10.6
2026,Q1,FASHION,2.02
2026,Q1,HOME,-3.01
2026,Q1,PERSON,3.95
2026,Q1,BANK,8.88
2026,Q1,FIN,9.3
2026,Q1,INSUR,11.54
2026,Q1,AUTO,7.72
2026,Q1,IMM,7.22
2026,Q1,PAPER,11.19
2026,Q1,PETRO,-3.3
2026,Q1,PKG,5.32
2026,Q1,STEEL,1.9
2026,Q1,CONMAT,6.1
2026,Q1,PROP,6.02
2026,Q1,PF&REIT,
2026,Q1,CONS,-5.56
2026,Q1,ENERG,9.94
2026,Q1,MINE,
2026,Q1,COMM,8.44
2026,Q1,HELTH,14.05
2026,Q1,MEDIA,-0.97
2026,Q1,PROF,18.82
2026,Q1,TOURISM,6.1
2026,Q1,TRANS,14.65
2026,Q1,ETRON,18.52
2026,Q1,ICT,22.44
2025,Q2,AGRO,9.89
2025,Q2,CONSUMP,3.44
2025,Q2,FINCIAL,-5.32
2025,Q2,INDUS,3.65
2025,Q2,PROPCON,-2.95
2025,Q2,RESOURC,-1.85
2025,Q2,SERVICE,3.29
2025,Q2,TECH,9.1
2025,Q2,AGRI,8.78
2025,Q2,FOOD,12.53
2025,Q2,FASHION,1.93
2025,Q2,HOME,-3.61
2025,Q2,PERSON,6.13
2025,Q2,BANK,9.08
2025,Q2,FIN,6.73
2025,Q2,INSUR,10.33
2025,Q2,AUTO,3.87
2025,Q2,IMM,4.13
2025,Q2,PAPER,10.95
2025,Q2,PETRO,-7.38
2025,Q2,PKG,3.94
2025,Q2,STEEL,-8.95
2025,Q2,CONMAT,5.99
2025,Q2,PROP,6.13
2025,Q2,PF&REIT,
2025,Q2,CONS,0.12
2025,Q2,ENERG,7.1
2025,Q2,MINE,
2025,Q2,COMM,8.33
2025,Q2,HELTH,12.97
2025,Q2,MEDIA,-1.38
2025,Q2,PROF,6.26
2025,Q2,TOURISM,6.22
2025,Q2,TRANS,9.33
2025,Q2,ETRON,13.36
2025,Q2,ICT,14.51
2025,Q1,AGRO,10.26
2025,Q1,CONSUMP,4.11
2025,Q1,FINCIAL,-8.14
2025,Q1,INDUS,4.36
2025,Q1,PROPCON,-1.29
2025,Q1,RESOURC,-6.2
2025,Q1,SERVICE,2.28
2025,Q1,TECH,8.95
2025,Q1,AGRI,9.24
2025,Q1,FOOD,11.36
2025,Q1,FASHION,3.9
2025,Q1,HOME,-3.82
2025,Q1,PERSON,7.33
2025,Q1,BANK,8.89
2025,Q1,FIN,6.78
2025,Q1,INSUR,9.26
2025,Q1,AUTO,3.18
2025,Q1,IMM,6.51
2025,Q1,PAPER,12.02
2025,Q1,PETRO,-10.49
2025,Q1,PKG,4.83
2025,Q1,STEEL,-11.13
2025,Q1,CONMAT,3.55
2025,Q1,PROP,6.51
2025,Q1,PF&REIT,
2025,Q1,CONS,-5.13
2025,Q1,ENERG,6.44
2025,Q1,MINE,
2025,Q1,COMM,8.14
2025,Q1,HELTH,12.48
2025,Q1,MEDIA,-1.14
2025,Q1,PROF,4.49
2025,Q1,TOURISM,6.61
2025,Q1,TRANS,6.84
2025,Q1,ETRON,15.25
2025,Q1,ICT,13.03
2025,Q3,AGRO,9.01
2025,Q3,CONSUMP,2.05
2025,Q3,FINCIAL,0.54
2025,Q3,INDUS,3.49
2025,Q3,PROPCON,-1.61
2025,Q3,RESOURC,-4.12
2025,Q3,SERVICE,3.31
2025,Q3,TECH,6.55
2025,Q3,AGRI,7.4
2025,Q3,FOOD,12.16
2025,Q3,FASHION,3.14
2025,Q3,HOME,-4.57
2025,Q3,PERSON,6.35
2025,Q3,BANK,9.23
2025,Q3,FIN,6.84
2025,Q3,INSUR,10.4
2025,Q3,AUTO,4.58
2025,Q3,IMM,8.45
2025,Q3,PAPER,11.49
2025,Q3,PETRO,-4.08
2025,Q3,PKG,3.96
2025,Q3,STEEL,-2.65
2025,Q3,CONMAT,6.1
2025,Q3,PROP,5.86
2025,Q3,PF&REIT,
2025,Q3,CONS,0.76
2025,Q3,ENERG,8.09
2025,Q3,MINE,
2025,Q3,COMM,8.35
2025,Q3,HELTH,12.26
2025,Q3,MEDIA,-1.85
2025,Q3,PROF,9.54
2025,Q3,TOURISM,7.32
2025,Q3,TRANS,7.59
2025,Q3,ETRON,14.19
2025,Q3,ICT,17.49
2025,Q4,AGRO,9.85
2025,Q4,CONSUMP,7.73
2025,Q4,FINCIAL,-5.13
2025,Q4,INDUS,7.06
2025,Q4,PROPCON,1.44
2025,Q4,RESOURC,-19.61
2025,Q4,SERVICE,4.23
2025,Q4,TECH,4.07
2025,Q4,AGRI,6.72
2025,Q4,FOOD,11.43
2025,Q4,FASHION,1.7
2025,Q4,HOME,-2.47
2025,Q4,PERSON,4.34
2025,Q4,BANK,9.01
2025,Q4,FIN,8.19
2025,Q4,INSUR,10.35
2025,Q4,AUTO,7.7
2025,Q4,IMM,4.5
2025,Q4,PAPER,10.77
2025,Q4,PETRO,-4.42
2025,Q4,PKG,4.82
2025,Q4,STEEL,0.55
2025,Q4,CONMAT,5.09
2025,Q4,PROP,5.49
2025,Q4,PF&REIT,
2025,Q4,CONS,0.78
2025,Q4,ENERG,8.91
2025,Q4,MINE,
2025,Q4,COMM,7.98
2025,Q4,HELTH,14.62
2025,Q4,MEDIA,-0.28
2025,Q4,PROF,19.55
2025,Q4,TOURISM,5.45
2025,Q4,TRANS,15.15
2025,Q4,ETRON,17.65
2025,Q4,ICT,20.53
